cdr3,epitope
CASAPGLAGGRPEQYF,LLFGYPVYV
CASRPGAAGGRPEQYF,LLFGYPVYV
CASRPGLAGGRAEQYF,LLFGYPVYV
CASRPGLAGGAPEQYF,LLFGYPVYV
CASRPGLAGGRPEQYF,ALFGYPVYV
CASRPGLAGGRPEQYF,LLFGFPVYV
CASRPGLAGGRPEQYF,LLFGAPVYV
CASRPGLAGGRPEQYF,LLFGYPVAV
CASRPGLAGGRPEQYF,LLFGYPVFV
CASAPGLAGGRPEQYF,LLFGAPVYV
CASAPGLAGGRPEQYF,LLFGFPVYV
CASRPGAAGGRPEQYF,LLFGYPVAV
CASRPGLAGGRAEQYF,LLFGAPVYV
CASRPGLAGGAPEQYF,LLFGAPVYV
CASRPGLAGAQPEQYF,LLFGYPVYV
CASRPGLMSGRPEQYF,LLFGYPVYV
CASRPGLMSARPEQYF,LLFGYPVYV
CASRPGLMSAQPEQYF,LLFGYPVYV
CASRPGLMGGRPEQYF,LLFGYPVYV
CASRPGLASGRPEQYF,LLFGYPVYV
CASRPGLASAEPEQYF,LLFGYPVYV
CASRPGLMSAEPEQYF,LLFGYPVYV
CASRPGLMSARPEQYF,LLFGYPVYV
CASRPGLMSAQPEQYF,LLFGYPVYV
CASRPGLMGGRPEQYF,LLFGYPVYV
CASRPGLKGGRPEQYF,LLFGYPVYV
CASRPGLASGRPEQYF,LLFGYPVYV
CASRPGLAGARPEQYF,LLFGYPVYV
CASRPGLAGGQPEQYF,LLFGYPVYV
CASRPGLAGGRPEQYF,LLFGYPRYV
CASRPGLAGGRPEQYF,LLFGYAVYV
CASRPGLAGGRPEQYF,LLFGYPVAV
CASRPGLAGGRPEQYF,MLWGYLQYV
CASRPGLAGGRPEQYF,LLFGFPVYV
CASRPGLAGGRPEQYF,LLFGYPVYV
